<?xml version='1.0' encoding='UTF-8'?>
<faces-config version="2.2"
              xmlns="http://xmlns.jcp.org/xml/ns/javaee"
              xmlns:xsi="http://www.w3.org/2001/XMLSchema-instance"
              xsi:schemaLocation="http://xmlns.jcp.org/xml/ns/javaee http://xmlns.jcp.org/xml/ns/javaee/web-facesconfig_2_2.xsd">

    
    
    <navigation-rule>
        <from-view-id>/login.xhtml</from-view-id>
        <navigation-case>
            <from-outcome>registerUser</from-outcome>
            <to-view-id>/registration.xhtml</to-view-id>
            <redirect></redirect>
        </navigation-case>
        <navigation-case>
            <from-action>#{loginBean.login()}</from-action>
            <from-outcome>customer</from-outcome>
            <to-view-id>/customers/customerHome.xhtml</to-view-id>
            <redirect></redirect>
        </navigation-case>
        <navigation-case>
            <from-action>#{loginBean.login()}</from-action>
            <from-outcome>admin</from-outcome>
            <to-view-id>/admins/adminHome.xhtml</to-view-id>
            <redirect></redirect>
        </navigation-case>   
    </navigation-rule>
    <navigation-rule>
        <from-view-id>/customers/customerHome.xhtml</from-view-id>
        <navigation-case>
            <from-outcome>transfersHome</from-outcome>
            <to-view-id>/customers/transfersHome.xhtml</to-view-id>
            <redirect></redirect>
        </navigation-case>
    </navigation-rule>
    <navigation-rule>
        <from-view-id>/customers/transfersHome.xhtml</from-view-id>
        <navigation-case>
            <from-outcome>customerHome</from-outcome>
            <to-view-id>/customers/customerHome.xhtml</to-view-id>
            <redirect></redirect>
        </navigation-case>
    </navigation-rule>
    
    <managed-bean>
        <managed-bean-name>registrationBean</managed-bean-name>
        <managed-bean-class>com.mp503.payment.jsf.RegistrationBean</managed-bean-class>
        <managed-bean-scope>view</managed-bean-scope>
    </managed-bean>
    <managed-bean>
        <managed-bean-name>loginBean</managed-bean-name>
        <managed-bean-class>com.mp503.payment.jsf.LoginBean</managed-bean-class>
        <managed-bean-scope>request</managed-bean-scope>
    </managed-bean>
    
    
</faces-config>
